crypto-tg.com/h5/,,AWS,,,,
xxdsrx.morgancryptos.xyz/h5/,,,,,,
kfbtc.cc,,,,,,
webull01.com/h5/,,,,,,
cointra.buzz/h5/,,,,,,
zenex.cc,,,,,,
mercadosbitos.com/h5/,,,,,,
coinubsz.com/h5/,,,,,,
uniswapoptions.com,,,,,,
boniry-pro.top/h5/,,,,,,
dydx-2023.xyz/h5/,,,,,,
kfgit.cc,,,,,,
kfbt.cc,,,,,,
kfnis.cc,,,,,,
kfen.cc,,,,,,
coinfdeth.com/h5/,,,,,,
memayes.com,,,,,,
mnpq.live/h5/,,,,,,
fidoptbit.com,,,,,,
ethetoro.com/h5/,,,,,,
www.okcoinvipvip.top/h5/,,,,,,
kfcry.cc,,,,,,
www.etf-bassotc.com/h5/,,,,,,
kfusl.com,,,,,,
nasmoa.com,,,,,,
nasqrt.com,,,,,,
nasdaqwq.com,,,,,,
fidelitybit.com,,,,,,
abxcoin.cloud/h12/,,,,,,
etorobte.com/h5/,,,,,,
etoroal.com/h5/,,,,,,
11etoro.com/h5/,,,,,,
www.cemgroupro.com/h5/,,,,,,
cointr.icu/h5/,,,,,,
sajmnfrg.buzz/h5/,,,,,,
zyfmpro.com/h5/,,,,,,
fxrozzbm.buzz/h5/,,,,,,
nasask.com,,,,,,
madridsa.xyz/h5/,,,,,,
rusteavvll.xyz/h5/,,,,,,
madrideb.xyz/h5/,,,,,,
trustfuturesbit.com,,,,,,
nasdaqzk.com,,,,,,
kmweb3.cc,,,,,,
fidelitysc.com,,,,,,
www.coinmamabtcmama.com,,,,,,
www.coinmamacoin.com,,,,,,
defiwa.com,,,,,,
defisz.com,,,,,,
defidg.com,,,,,,
defibit.cc,,,,,,
www.bitocrown.com/h5/,,,,,,
e.fidelityoptionsgn.com,,,,,,
etorovip.com/h5/,,,,,,
nasbaw.com,,,,,,
x9g.in/h5/,,,,,,
ruste-vve11ets.com/h5/,,,,,,
nasdaqkt.com,,,,,,
nasdaqct.com,,,,,,
nasdaqwith.com,,,,,,
n.nasdaqlglobal.com,,,,,,
nasdaqvbit.com,,,,,,
www.etoro11.com/h5/,,,,,,
kf-all.com,,,,,,
nasdaqde.com,,,,,,
nasdaqall.com,,,,,,
coins86.net/h5/,,,,,,
www.asxcion.com,,,,,,
www.trust-coins.com/h5/,,,,,,
allenoverynet.com/h5/,,,,,,
bitmarketcap.life/h5/,,,,,,
fidelityoptsk.com,,,,,,
fidelityoptw.com,,,,,,
fidelitygl.com,,,,,,
eag.cc,,,,,,
fewebccu.buzz/h5/,,,,,,
okcoinvip8956.top/h5/,,,,,,
biconomy.in/h5/,,,,,,
www.nockscoinexs.cc/h5/,,,,,,
ruste-vvellets.com/h5/,,,,,,
madridea.xyz/h5/,,,,,,
madridse.xyz/h5/,,,,,,